DateTime;UnitId;Port;Value
2015-03-10 07:12:25;14100071;Ignition;1
2015-03-10 07:19:55;14100064;Ignition;1
2015-03-10 07:21:58;14100042;Ignition;1
2015-03-10 07:27:58;14120026;Ignition;1
2015-03-10 07:28:19;14100042;Ignition;0
2015-03-10 07:31:52;14100042;Ignition;1
2015-03-10 07:37:57;14100042;Ignition;0
2015-03-10 07:40:23;14100042;Ignition;1
2015-03-10 07:58:19;14100042;Ignition;1
2015-03-10 07:59:40;14100042;Ignition;1
2015-03-10 07:59:54;14100042;Ignition;1
2015-03-10 08:05:10;14100071;Ignition;0
2015-03-10 08:12:48;14100042;Ignition;0
2015-03-10 08:17:05;14100042;Ignition;1
2015-03-10 08:44:32;14100015;Ignition;1
2015-03-10 08:44:41;14100015;Ignition;0
2015-03-10 08:48:21;14100015;Ignition;1
2015-03-10 08:53:01;14100064;Ignition;0
2015-03-10 08:55:16;14100042;Ignition;1
2015-03-10 09:02:21;14100064;Ignition;1
2015-03-10 09:03:56;14100015;Ignition;0
2015-03-10 09:05:10;14100064;Ignition;0
2015-03-10 09:09:57;14100064;Ignition;1
2015-03-10 09:10:08;14100015;Ignition;1
2015-03-10 09:12:16;14100064;Ignition;0
2015-03-10 09:11:26;14120026;Ignition;1
2015-03-10 09:11:55;14120026;Ignition;1
2015-03-10 09:16:32;14100042;Ignition;1
2015-03-10 09:17:03;14100042;Ignition;1
2015-03-10 09:23:19;14100015;Ignition;0
2015-03-10 09:23:58;14100015;Ignition;1
2015-03-10 09:24:09;14100042;Ignition;0
2015-03-10 09:24:53;14100015;Ignition;0
2015-03-10 09:42:36;14120026;Ignition;1
2015-03-10 10:08:09;14120026;Ignition;1
2015-03-10 10:15:06;14120026;Ignition;1
2015-03-10 10:15:21;14120026;Ignition;0
2015-03-10 10:15:22;14120026;Ignition;1
2015-03-10 10:15:56;14120026;Ignition;1
2015-03-10 10:16:03;14120026;Ignition;0
2015-03-10 10:25:11;14120026;Ignition;0
2015-03-10 10:26:42;14120026;Ignition;1
2015-03-10 10:27:18;14120026;Ignition;1
2015-03-10 10:34:25;14100015;Ignition;1
2015-03-10 10:35:52;14120026;Ignition;0
2015-03-10 10:35:53;14120026;Ignition;1
2015-03-10 10:39:51;14100015;Ignition;0
2015-03-10 10:43:49;14100015;Ignition;1
2015-03-10 10:56:58;14100015;Ignition;0
2015-03-10 10:56:38;14120026;Ignition;1
2015-03-10 10:57:06;14100015;Ignition;1
2015-03-10 10:59:35;14100015;Ignition;0
2015-03-10 11:07:02;14120026;Ignition;0
2015-03-10 11:09:14;14120026;Ignition;1
2015-03-10 11:09:45;14120026;Ignition;0
2015-03-10 11:13:29;14100064;Ignition;1
2015-03-10 11:24:07;14120026;Ignition;1
2015-03-10 11:27:05;14100064;Ignition;0
2015-03-10 11:31:30;14100064;Ignition;1
2015-03-10 11:31:38;14120026;Ignition;0
2015-03-10 11:31:39;14120026;Ignition;1
2015-03-10 11:55:11;14120026;Ignition;0
2015-03-10 11:55:12;14120026;Ignition;1
2015-03-10 11:58:34;14120026;Ignition;0
2015-03-10 12:13:16;14100064;Ignition;0
2015-03-10 12:19:06;14120026;Ignition;1
2015-03-10 12:19:25;14120026;Ignition;1
2015-03-10 12:20:28;14120026;Ignition;0
2015-03-10 12:22:28;14120026;Ignition;1
2015-03-10 12:32:22;15030000;Ignition;0
2015-03-10 12:35:26;15030000;Ignition;0
2015-03-10 12:35:26;15030000;PowerStatus;0
2015-03-10 12:38:03;15030000;Ignition;0
2015-03-10 12:38:03;15030000;PowerStatus;0
2015-03-10 12:40:41;15030000;Ignition;0
2015-03-10 12:40:41;15030000;PowerStatus;0
2015-03-10 12:48:33;15030001;Ignition;0
2015-03-10 12:50:42;15030001;Ignition;0
2015-03-10 12:50:42;15030001;PowerStatus;0
2015-03-10 13:08:25;14120026;Ignition;1
2015-03-10 13:15:41;14120026;Ignition;0
2015-03-10 13:25:20;14120026;Ignition;1
2015-03-10 14:35:41;14120031;Ignition;0
2015-03-10 14:35:41;14120031;PowerStatus;0
2015-03-10 13:38:34;14100042;Ignition;1
2015-03-10 14:00:01;14120026;Ignition;0
2015-03-10 14:01:18;14100042;Ignition;0
2015-03-10 14:04:12;14100042;Ignition;1
2015-03-10 14:18:11;15030001;Ignition;0
2015-03-10 14:18:11;15030001;PowerStatus;0
2015-03-10 15:23:15;14120031;Ignition;0
2015-03-10 14:23:50;14120031;Ignition;0
2015-03-10 15:25:10;14120031;Ignition;0
2015-03-10 15:25:10;14120031;PowerStatus;0
2015-03-10 14:25:15;14120031;Ignition;0
2015-03-10 14:25:59;14120031;Ignition;0
2015-03-10 14:26:00;14120031;PowerStatus;0
2015-03-10 14:30:41;15030000;Ignition;0
2015-03-10 14:30:41;15030000;PowerStatus;0
2015-03-10 14:39:36;14120026;Ignition;1
2015-03-10 14:40:02;14120031;Ignition;0
2015-03-10 14:40:02;14120031;PowerStatus;0
2015-03-10 14:42:48;14120031;Ignition;0
2015-03-10 14:42:48;14120031;PowerStatus;0
2015-03-10 14:44:49;14120031;Ignition;0
2015-03-10 14:44:49;14120031;PowerStatus;0
2015-03-10 14:53:11;14120031;Ignition;0
2015-03-10 14:53:11;14120031;PowerStatus;0
2015-03-10 14:59:33;15030000;Ignition;0
2015-03-10 14:59:33;15030000;PowerStatus;0
2015-03-10 14:59:47;15030000;Ignition;0
2015-03-10 15:19:25;14120026;Ignition;1
2015-03-10 15:20:18;15030000;Ignition;1
2015-03-10 15:20:18;15030000;PowerStatus;0
2015-03-10 15:24:25;15030001;Ignition;1
2015-03-10 15:24:25;15030001;PowerStatus;0
2015-03-10 15:24:35;15030001;Ignition;1
2015-03-10 16:02:17;14120026;Ignition;0
2015-03-10 16:02:23;14120026;Ignition;1
2015-03-10 16:03:20;14120026;Ignition;0
2015-03-10 16:06:40;14100042;Ignition;1
2015-03-10 16:07:31;14120026;Ignition;1
2015-03-10 16:04:30;15030000;Ignition;0
2015-03-10 16:08:36;15030001;Ignition;0
2015-03-10 16:10:09;14100015;Ignition;1
2015-03-10 16:16:23;14100015;Ignition;0
2015-03-10 16:28:29;14100042;Ignition;0
2015-03-10 16:35:18;14120026;Ignition;0
2015-03-10 16:35:51;14120031;Ignition;0
2015-03-10 17:18:51;14100064;Ignition;1
2015-03-10 17:26:48;14100071;Ignition;1
2015-03-10 17:43:47;14100064;Ignition;0
2015-03-10 18:07:22;14100064;Ignition;1
2015-03-10 18:11:08;14100071;Ignition;0
2015-03-10 18:16:31;14100064;Ignition;0
2015-03-10 20:15:03;14100015;Ignition;1
2015-03-10 20:22:44;14100015;Ignition;0
2015-03-11 05:38:58;15030001;Ignition;1
2015-03-11 05:38:58;15030001;PowerStatus;0
2015-03-11 05:35:01;15030000;Ignition;1
2015-03-11 05:35:02;15030000;PowerStatus;0
2015-03-11 05:55:49;15030000;Ignition;1
2015-03-11 05:59:57;15030001;Ignition;1
2015-03-11 06:01:42;15030001;Ignition;1
2015-03-11 06:02:01;15030001;Ignition;1
2015-03-11 06:24:56;15030000;Ignition;1
2015-03-11 06:24:56;15030000;PowerStatus;0
2015-03-11 06:25:42;15030000;Ignition;1
2015-03-11 06:31:47;15030001;Ignition;1
2015-03-11 06:31:47;15030001;PowerStatus;0
2015-03-11 06:33:53;15030001;Ignition;1
2015-03-11 07:03:24;14100042;Ignition;1
2015-03-11 07:05:16;14120026;Ignition;1
2015-03-11 07:05:35;14120026;Ignition;1
2015-03-11 07:08:44;14100042;Ignition;0
2015-03-11 07:12:13;14100042;Ignition;1
2015-03-11 07:11:49;15030001;Ignition;0
2015-03-11 07:07:42;15030000;Ignition;0
2015-03-11 07:14:52;14120026;Ignition;0
2015-03-11 07:15:01;14120026;Ignition;1
2015-03-11 07:27:18;14100071;Ignition;1
2015-03-11 07:37:23;14100042;Ignition;0
2015-03-11 07:49:51;14120026;Ignition;1
2015-03-11 07:58:51;14100015;Ignition;1
2015-03-11 07:59:56;14100064;Ignition;1
2015-03-11 07:59:30;14120026;Ignition;1
2015-03-11 08:08:35;14100071;Ignition;0
2015-03-11 08:08:54;999;Ignition;1
2015-03-11 08:10:41;999;Ignition;1
2015-03-11 08:18:08;14120026;Ignition;1
2015-03-11 08:19:24;14120026;Ignition;1
2015-03-11 08:19:59;14120031;Ignition;0
2015-03-11 08:19:59;14120031;PowerStatus;0
2015-03-11 08:35:18;14100064;Ignition;0
2015-03-11 08:34:55;15030000;Ignition;0
2015-03-11 08:34:56;15030000;PowerStatus;0
2015-03-11 08:39:39;14120026;Ignition;1
2015-03-11 08:40:39;14120026;Ignition;1
2015-03-11 08:41:39;14120026;Ignition;1
2015-03-11 08:42:39;14120026;Ignition;1
2015-03-11 08:43:39;14120026;Ignition;1
2015-03-11 08:44:39;14120026;Ignition;1
2015-03-11 08:45:39;14120026;Ignition;1
2015-03-11 08:46:40;14120026;Ignition;1
2015-03-11 08:47:39;14120026;Ignition;1
2015-03-11 08:48:39;14120026;Ignition;1
2015-03-11 08:49:38;14120026;Ignition;1
2015-03-11 08:50:38;14120026;Ignition;1
2015-03-11 08:51:40;14120026;Ignition;1
2015-03-11 08:52:40;14120026;Ignition;1
2015-03-11 08:53:10;14120026;Ignition;1
2015-03-11 08:52:43;15030001;Ignition;0
2015-03-11 08:52:43;15030001;PowerStatus;0
2015-03-11 08:54:38;14120026;Ignition;1
2015-03-11 08:53:05;14120031;Ignition;0
2015-03-11 08:53:06;14120031;PowerStatus;0
2015-03-11 08:55:43;14120026;Ignition;1
2015-03-11 08:56:30;999;Ignition;1
2015-03-11 08:59:47;999;Ignition;0
2015-03-11 09:16:20;14100042;Ignition;1
2015-03-11 09:17:01;14120026;Ignition;1
2015-03-11 09:18:35;14120026;Ignition;1
2015-03-11 09:20:28;14120026;Ignition;1
2015-03-11 09:27:28;14120031;Ignition;0
2015-03-11 09:27:28;14120031;PowerStatus;0
2015-03-11 09:36:45;14120026;Ignition;1
2015-03-11 09:37:31;14120026;Ignition;0
2015-03-11 09:36:42;14120031;Ignition;0
2015-03-11 09:41:27;14120026;Ignition;1
2015-03-11 09:45:18;14120031;Ignition;0
2015-03-11 09:52:35;14120031;Ignition;0
2015-03-11 10:11:02;14120026;Ignition;0
2015-03-11 10:11:06;14120026;Ignition;1
2015-03-11 10:18:15;14100042;Ignition;0
2015-03-11 10:32:53;14120026;Ignition;1
2015-03-11 10:35:27;14120026;Ignition;1
2015-03-11 10:36:24;14120026;Ignition;1
2015-03-11 10:37:43;14120026;Ignition;1
2015-03-11 10:57:26;14120026;Ignition;1
2015-03-11 10:59:56;14120031;Ignition;0
2015-03-11 11:10:05;14120026;Ignition;1
2015-03-11 11:15:58;14120031;Ignition;0
2015-03-11 11:16:10;14120031;Ignition;0
2015-03-11 11:26:19;14120031;Ignition;1
2015-03-11 11:26:19;14120031;PowerStatus;0
2015-03-11 11:30:31;14120026;Ignition;1
2015-03-11 11:32:38;14120031;Ignition;1
2015-03-11 11:52:31;14100042;Ignition;1
2015-03-11 12:04:05;14120026;Ignition;1
2015-03-11 12:05:58;14120031;Ignition;0
2015-03-11 12:05:58;14120031;PowerStatus;0
2015-03-11 12:12:51;14120031;Ignition;0
2015-03-11 12:13:52;14120031;Ignition;0
2015-03-11 12:27:00;14120026;Ignition;0
2015-03-11 12:27:14;14120026;Ignition;1
2015-03-11 12:30:57;14120026;Ignition;0
2015-03-11 12:31:03;14120026;Ignition;1
2015-03-11 12:34:17;14120026;Ignition;0
2015-03-11 12:34:33;14120026;Ignition;1
2015-03-11 12:42:57;14120031;Ignition;0
2015-03-11 12:44:13;14120031;Ignition;0
2015-03-11 12:47:56;14120031;Ignition;0
2015-03-11 12:50:43;14120026;Ignition;0
2015-03-11 12:50:47;14120026;Ignition;1
2015-03-11 13:06:54;14100042;Ignition;0
2015-03-11 13:18:28;14120026;Ignition;0
2015-03-11 13:18:59;14100042;Ignition;1
2015-03-11 13:22:40;14120026;Ignition;1
2015-03-11 13:27:42;14120031;Ignition;0
2015-03-11 13:27:47;14120031;PowerStatus;0
2015-03-11 13:34:11;14120026;Ignition;0
2015-03-11 13:34:48;14120031;Ignition;0
2015-03-11 13:36:29;14120031;Ignition;0
2015-03-11 13:43:23;14120031;Ignition;0
2015-03-11 13:50:50;999;Ignition;1
2015-03-11 14:02:11;14100042;Ignition;0
2015-03-11 14:05:15;14100042;Ignition;1
2015-03-11 14:05:45;14100042;Ignition;0
2015-03-11 14:09:19;14120031;Ignition;0
2015-03-11 14:17:10;14120031;Ignition;0
2015-03-11 14:18:16;14120031;Ignition;0
2015-03-11 14:19:30;14120031;Ignition;0
2015-03-11 14:20:44;14120031;Ignition;0
2015-03-11 14:21:45;14120031;Ignition;0
2015-03-11 14:23:39;14120031;Ignition;0
2015-03-11 14:25:03;14120031;Ignition;0
2015-03-11 14:49:11;14120031;Ignition;1
2015-03-11 14:49:11;14120031;PowerStatus;0
2015-03-11 14:55:37;14120031;Ignition;1
2015-03-11 14:56:01;14120031;Ignition;1
2015-03-11 15:18:13;14100015;Ignition;1
2015-03-11 15:17:19;14120031;Ignition;1
2015-03-11 15:18:41;14120031;Ignition;1
2015-03-11 15:24:54;14120031;Ignition;1
2015-03-11 15:23:24;15030000;Ignition;1
2015-03-11 15:23:24;15030000;PowerStatus;0
2015-03-11 15:27:32;15030001;Ignition;1
2015-03-11 15:27:32;15030001;PowerStatus;0
2015-03-11 15:36:24;14120031;Ignition;0
2015-03-11 15:43:41;14120031;Ignition;1
2015-03-11 15:46:18;14120031;Ignition;1
2015-03-11 15:49:25;14100015;Ignition;1
2015-03-11 15:47:04;14120031;Ignition;1
2015-03-11 15:50:42;14100015;Ignition;0
2015-03-11 15:48:07;14120031;Ignition;0
2015-03-11 16:13:29;14100064;Ignition;1
2015-03-11 16:15:56;14100064;Ignition;0
2015-03-11 16:18:51;14100064;Ignition;1
2015-03-11 16:19:01;14100064;Ignition;0
2015-03-11 16:19:11;15030001;Ignition;0
2015-03-11 16:15:27;15030000;Ignition;1
2015-03-11 16:16:11;15030000;Ignition;1
2015-03-11 16:29:08;14100064;Ignition;0
2015-03-11 18:02:52;14100064;Ignition;1
2015-03-11 18:05:17;14100064;Ignition;0
2015-03-11 18:11:01;14100064;Ignition;1
2015-03-11 18:12:11;14100071;Ignition;1
2015-03-11 18:19:14;14100071;Ignition;0
2015-03-11 18:33:08;14100064;Ignition;0
2015-03-11 19:08:46;14100015;Ignition;1
2015-03-11 19:20:59;14100015;Ignition;0
2015-03-11 19:33:01;15030000;Ignition;1
2015-03-11 19:33:02;15030000;PowerStatus;0
2015-03-11 19:37:12;15030001;Ignition;1
2015-03-11 19:37:12;15030001;PowerStatus;0
2015-03-11 19:33:30;15030000;Ignition;1
2015-03-11 19:45:20;15030001;Ignition;1
2015-03-11 19:41:24;15030000;Ignition;1
2015-03-11 20:05:36;15030000;Ignition;1
2015-03-11 20:09:46;15030001;Ignition;1
2015-03-11 20:25:33;15030001;Ignition;0
2015-03-11 20:21:26;15030000;Ignition;0
2015-03-11 21:07:37;14100064;Ignition;1
2015-03-11 21:16:18;14100064;Ignition;0
2015-03-11 21:23:25;14100015;Ignition;1
2015-03-11 21:30:26;14100015;Ignition;0
2015-03-11 23:08:25;14100071;Ignition;1
2015-03-11 23:22:49;14100071;Ignition;0
2015-03-11 23:24:43;14100071;Ignition;1
2015-03-12 00:09:55;14100071;Ignition;0
2015-03-12 05:38:01;15030000;Ignition;1
2015-03-12 05:38:02;15030000;PowerStatus;0
2015-03-12 05:42:08;15030001;Ignition;1
2015-03-12 05:42:08;15030001;PowerStatus;0
2015-03-12 05:42:21;15030001;Ignition;1
2015-03-12 06:04:51;15030001;Ignition;1
2015-03-12 06:19:36;15030000;Ignition;0
2015-03-12 06:23:42;15030001;Ignition;0
2015-03-12 07:28:08;14100071;Ignition;1
2015-03-12 07:29:53;14100015;Ignition;1
2015-03-12 07:42:55;14120031;Ignition;1
2015-03-12 07:42:55;14120031;PowerStatus;0
2015-03-12 07:46:21;14100015;Ignition;0
2015-03-12 07:46:09;14120026;Ignition;1
2015-03-12 07:46:11;14120026;Ignition;0
2015-03-12 07:48:16;14120031;Ignition;1
2015-03-12 07:51:28;14120026;Ignition;1
2015-03-12 07:49:18;14120031;Ignition;1
2015-03-12 07:52:26;14120031;Ignition;1
2015-03-12 08:01:35;14120031;Ignition;0
2015-03-12 08:17:44;14100071;Ignition;0
2015-03-12 09:21:38;14120026;Ignition;1
2015-03-12 09:21:47;14100042;Ignition;1
2015-03-12 09:24:17;14120026;Ignition;0
2015-03-12 09:25:41;14100042;Ignition;0
2015-03-12 10:26:16;14120029;Ignition;0
2015-03-12 10:26:39;14120029;Ignition;0
2015-03-12 10:27:54;14120029;Ignition;0
2015-03-12 10:28:22;14120029;Ignition;0
2015-03-12 09:33:55;14120026;Ignition;1
2015-03-12 09:46:15;14100071;Ignition;1
2015-03-12 09:55:52;14120026;Ignition;0
2015-03-12 10:00:17;14100042;Ignition;1
2015-03-12 10:07:02;14100042;Ignition;0
2015-03-12 10:08:21;14120026;Ignition;1
2015-03-12 11:13:19;14120029;Ignition;0
2015-03-12 11:13:19;14120029;PowerStatus;0
2015-03-12 11:25:20;14120029;Ignition;1
2015-03-12 11:25:20;14120029;PowerStatus;0
2015-03-12 11:27:45;14120029;Ignition;1
2015-03-12 10:34:14;14100042;Ignition;1
2015-03-12 10:37:51;14100042;Ignition;0
2015-03-12 10:39:32;14120026;Ignition;0
2015-03-12 10:40:51;14100042;Ignition;1
2015-03-12 10:42:07;14100042;Ignition;0
2015-03-12 10:45:59;14120026;Ignition;1
2015-03-12 10:46:03;14120026;Ignition;0
2015-03-12 10:46:04;14120026;Ignition;1
2015-03-12 10:50:40;14100042;Ignition;1
2015-03-12 10:53:58;14100042;Ignition;0
2015-03-12 11:53:30;14120029;Ignition;1
2015-03-12 11:53:30;14120029;PowerStatus;0
2015-03-12 11:01:14;14100042;Ignition;1
2015-03-12 12:01:53;14120029;Ignition;0
2015-03-12 11:13:34;14100015;Ignition;1
2015-03-12 11:13:31;14100042;Ignition;0
2015-03-12 12:16:37;14120029;Ignition;0
2015-03-12 12:16:37;14120029;PowerStatus;0
2015-03-12 11:23:19;14120026;Ignition;0
2015-03-12 12:24:24;14120029;Ignition;0
2015-03-12 11:30:58;14120026;Ignition;1
2015-03-12 11:37:52;14100015;Ignition;1
2015-03-12 12:38:53;14120029;Ignition;1
2015-03-12 12:38:53;14120029;PowerStatus;0
2015-03-12 12:42:06;14120029;Ignition;1
2015-03-12 12:42:06;14120029;PowerStatus;0
2015-03-12 11:44:28;14100064;Ignition;1
2015-03-12 11:41:50;14120031;Ignition;1
2015-03-12 11:41:50;14120031;PowerStatus;0
2015-03-12 11:45:21;14100064;Ignition;1
2015-03-12 11:46:21;14100064;Ignition;0
2015-03-12 11:48:17;14120026;Ignition;0
2015-03-12 11:49:39;14100064;Ignition;1
2015-03-12 11:56:33;14100015;Ignition;0
2015-03-12 11:59:28;14100015;Ignition;1
2015-03-12 12:04:23;14100015;Ignition;0
2015-03-12 12:05:00;14100064;Ignition;1
2015-03-12 12:05:00;14120026;Ignition;1
2015-03-12 12:11:53;14100071;Ignition;0
2015-03-12 12:13:19;14120031;Ignition;1
2015-03-12 12:14:07;14120031;Ignition;1
2015-03-12 13:15:09;14120029;Ignition;1
2015-03-12 13:15:35;14120029;Ignition;1
2015-03-12 13:20:43;14120029;Ignition;0
2015-03-12 12:19:53;14120031;Ignition;0
2015-03-12 12:28:13;15030000;Ignition;0
2015-03-12 12:28:13;15030000;PowerStatus;0
2015-03-12 13:31:53;14120029;Ignition;0
2015-03-12 13:31:53;14120029;PowerStatus;0
2015-03-12 13:36:11;14120029;Ignition;0
2015-03-12 12:49:03;14100064;Ignition;0
2015-03-12 12:43:50;15030000;Ignition;0
2015-03-12 12:43:50;15030000;PowerStatus;0
2015-03-12 13:49:06;14120029;Ignition;0
2015-03-12 13:49:06;14120029;PowerStatus;0
2015-03-12 12:01:25;14120029;Ignition;0
2015-03-12 12:01:25;14120029;PowerStatus;0
2015-03-12 12:52:17;15030000;Ignition;0
2015-03-12 12:52:17;15030000;PowerStatus;0
2015-03-12 21:01:13;14120029;Ignition;0
2015-03-12 12:57:11;15030000;Ignition;0
2015-03-12 12:57:11;15030000;PowerStatus;0
2015-03-12 21:07:07;14120029;Ignition;0
2015-03-12 21:07:07;14120029;PowerStatus;0
2015-03-12 21:11:18;14120029;Ignition;0
2015-03-12 21:11:18;14120029;PowerStatus;0
2015-03-12 21:11:18;14120029;PowerStatus;0
2015-03-12 13:10:58;15030000;Ignition;1
2015-03-12 13:10:58;15030000;PowerStatus;0
2015-03-12 13:15:06;15030001;Ignition;1
2015-03-12 13:15:06;15030001;PowerStatus;0
2015-03-12 21:18:20;14120029;Ignition;0
2015-03-12 21:18:20;14120029;PowerStatus;0
2015-03-12 21:21:12;14120029;Ignition;0
2015-03-12 13:31:00;14100064;Ignition;1
2015-03-12 21:31:43;14120029;Ignition;0
2015-03-12 21:31:43;14120029;PowerStatus;0
2015-03-12 01:37:19;14120029;Ignition;0
2015-03-12 01:37:19;14120029;PowerStatus;0
2015-03-12 01:39:22;14120029;Ignition;0
2015-03-12 01:39:22;14120029;PowerStatus;0
2015-03-12 01:43:25;14120029;Ignition;0
2015-03-12 01:43:25;14120029;PowerStatus;0
2015-03-12 01:43:25;14120029;PowerStatus;0
2015-03-12 01:47:50;14120029;Ignition;0
2015-03-12 01:50:03;14120029;Ignition;0
2015-03-12 01:50:03;14120029;PowerStatus;0
2015-03-12 13:50:57;14120026;Ignition;0
2015-03-12 13:55:05;14120026;Ignition;1
2015-03-12 13:55:07;14120026;Ignition;0
2015-03-12 13:55:08;14120026;Ignition;1
2015-03-12 13:55:34;14120026;Ignition;0
2015-03-12 13:57:40;14120029;Ignition;0
2015-03-12 13:57:40;14120029;PowerStatus;0
2015-03-12 14:00:27;15030000;Ignition;0
2015-03-12 14:04:34;15030001;Ignition;0
2015-03-12 14:16:15;14100064;Ignition;0
2015-03-12 14:19:38;14120029;Ignition;1
2015-03-12 14:19:38;14120029;PowerStatus;0
2015-03-12 14:27:55;14120029;Ignition;1
2015-03-12 14:32:14;14100071;Ignition;1
2015-03-12 14:31:42;14120029;Ignition;1
2015-03-12 14:33:00;14120029;Ignition;1
2015-03-12 14:44:23;14100071;Ignition;0
2015-03-12 14:44:48;14100071;Ignition;0
2015-03-12 14:44:54;14100071;Ignition;1
2015-03-12 15:22:06;14120029;Ignition;0
2015-03-12 15:37:04;14120029;Ignition;1
2015-03-12 15:46:30;14100071;Ignition;1
2015-03-12 15:58:54;14100042;Ignition;1
2015-03-12 16:06:54;14100071;Ignition;0
2015-03-12 16:06:47;14100042;Ignition;0
2015-03-12 16:20:04;14100042;Ignition;0
2015-03-12 16:25:41;14100064;Ignition;1
2015-03-12 16:24:32;14120029;Ignition;1
2015-03-12 16:33:35;14100064;Ignition;1
2015-03-12 16:35:29;14100064;Ignition;1
2015-03-12 16:36:09;14100064;Ignition;1
2015-03-12 16:37:17;14100064;Ignition;1
2015-03-12 16:38:16;14100064;Ignition;1
2015-03-12 16:37:29;14120029;Ignition;1
2015-03-12 16:39:46;14100064;Ignition;1
2015-03-12 16:42:36;14120029;Ignition;1
2015-03-12 16:47:02;14100064;Ignition;1
2015-03-12 16:48:56;14100064;Ignition;0
2015-03-12 16:49:16;14100064;Ignition;0
2015-03-12 17:06:26;14100015;Ignition;1
2015-03-12 17:05:42;14120029;Ignition;1
2015-03-12 17:11:35;14120029;Ignition;0
2015-03-12 17:36:49;14100015;Ignition;0
2015-03-12 17:46:43;14120029;Ignition;0
2015-03-12 18:38:59;14100064;Ignition;1
2015-03-12 18:53:19;14100064;Ignition;0
2015-03-12 20:26:28;14100064;Ignition;1
2015-03-12 20:29:04;14100071;Ignition;1
2015-03-12 20:32:39;14100064;Ignition;1
2015-03-12 20:33:55;14100071;Ignition;0
2015-03-12 20:36:13;14100064;Ignition;0
2015-03-12 21:56:22;14100071;Ignition;1
2015-03-12 22:00:44;14100071;Ignition;0
2015-03-12 22:21:30;14100064;Ignition;1
2015-03-12 22:24:34;14100064;Ignition;0
2015-03-13 05:57:37;15030000;Ignition;1
2015-03-13 05:57:37;15030000;PowerStatus;0
2015-03-13 06:01:45;15030001;Ignition;1
2015-03-13 06:01:46;15030001;PowerStatus;0
2015-03-13 06:08:52;15030000;Ignition;1
2015-03-13 06:13:20;15030001;Ignition;1
2015-03-13 06:14:47;15030001;Ignition;1
2015-03-13 06:14:58;15030001;Ignition;1
2015-03-13 06:13:34;15030000;Ignition;1
2015-03-13 06:15:58;15030000;Ignition;1
2015-03-13 06:24:54;14100064;Ignition;1
2015-03-13 06:29:09;15030001;Ignition;1
2015-03-13 06:55:12;14100015;Ignition;1
2015-03-13 06:56:00;14100064;Ignition;0
2015-03-13 06:56:47;14100064;Ignition;0
2015-03-13 06:59:34;14100015;Ignition;0
2015-03-13 07:03:05;14100015;Ignition;1
2015-03-13 07:08:09;15030001;Ignition;0
2015-03-13 07:27:57;14100015;Ignition;0
2015-03-13 07:41:00;14100071;Ignition;1
2015-03-13 07:43:18;14120026;Ignition;1
2015-03-13 07:54:43;14120026;Ignition;1
2015-03-13 08:25:13;14100071;Ignition;0
2015-03-13 08:34:53;14120026;Ignition;1
2015-03-13 08:50:17;14120026;Ignition;0
2015-03-13 08:56:12;14120026;Ignition;1
2015-03-13 09:05:07;14120026;Ignition;1
2015-03-13 09:22:05;14120026;Ignition;1
2015-03-13 09:31:07;14120026;Ignition;0
2015-03-13 09:36:55;14120026;Ignition;1
2015-03-13 09:46:08;14120026;Ignition;1
2015-03-13 10:01:51;14120029;Ignition;1
2015-03-13 10:01:51;14120029;PowerStatus;0
2015-03-13 10:03:33;14120026;Ignition;1
2015-03-13 10:24:28;14120026;Ignition;0
2015-03-13 10:33:08;14120026;Ignition;1
2015-03-13 10:34:03;14120026;Ignition;0
2015-03-13 10:33:20;14120029;Ignition;1
2015-03-13 10:38:09;14120029;Ignition;0
2015-03-13 10:41:22;14120026;Ignition;1
2015-03-13 10:41:24;14120026;Ignition;0
2015-03-13 10:41:25;14120026;Ignition;1
2015-03-13 11:05:51;14120029;Ignition;0
2015-03-13 11:11:57;14120026;Ignition;1
2015-03-13 11:15:45;14120026;Ignition;1
2015-03-13 11:21:15;14120026;Ignition;1
2015-03-13 11:26:44;14120026;Ignition;0
2015-03-13 11:30:20;14120026;Ignition;1
2015-03-13 11:30:29;14120026;Ignition;0
2015-03-13 11:30:30;14120026;Ignition;1
2015-03-13 12:54:41;14120026;Ignition;0
2015-03-13 14:01:53;14100064;Ignition;1
2015-03-13 14:02:42;14100064;Ignition;1
2015-03-13 14:03:12;14100064;Ignition;1
2015-03-13 14:03:42;14100064;Ignition;1
2015-03-13 14:04:11;14100064;Ignition;1
2015-03-13 14:04:38;14100064;Ignition;1
2015-03-13 14:05:55;14100064;Ignition;0
2015-03-13 14:06:42;14100064;Ignition;0
2015-03-13 14:06:54;14100064;Ignition;0
2015-03-13 14:08:09;14100064;Ignition;0
2015-03-13 14:09:09;14100064;Ignition;1
2015-03-13 14:08:47;14100015;Ignition;1
2015-03-13 14:10:08;14100064;Ignition;1
2015-03-13 14:10:38;14100064;Ignition;1
2015-03-13 14:13:38;14100064;Ignition;1
2015-03-13 14:15:41;14100064;Ignition;1
2015-03-13 14:15:53;14100064;Ignition;1
2015-03-13 14:16:54;14100064;Ignition;1
2015-03-13 14:18:06;14100015;Ignition;0
2015-03-13 14:20:09;14100064;Ignition;1
2015-03-13 14:21:25;14100064;Ignition;1
2015-03-13 14:26:12;14100064;Ignition;1
2015-03-13 14:27:00;14100064;Ignition;1
2015-03-13 14:28:54;14100064;Ignition;1
2015-03-13 14:29:56;14100064;Ignition;1
2015-03-13 14:31:03;14100064;Ignition;1
2015-03-13 14:31:28;14100064;Ignition;1
2015-03-13 14:31:46;14100064;Ignition;1
2015-03-13 14:33:08;14100064;Ignition;1
2015-03-13 14:33:45;14100064;Ignition;1
2015-03-13 14:35:15;14100064;Ignition;1
2015-03-13 14:40:45;14100064;Ignition;1
2015-03-13 14:41:55;14100064;Ignition;1
2015-03-13 14:42:58;14100064;Ignition;1
2015-03-13 14:44:25;14100064;Ignition;1
2015-03-13 14:49:59;14100064;Ignition;0
2015-03-13 14:50:25;14100064;Ignition;0
2015-03-13 14:54:26;14100064;Ignition;0
2015-03-13 14:55:40;14100064;Ignition;0
2015-03-13 14:50:42;15030000;Ignition;0
2015-03-13 14:50:42;15030000;PowerStatus;0
2015-03-13 14:56:26;14100064;Ignition;0
2015-03-13 14:58:25;14100064;Ignition;0
2015-03-13 14:59:57;14100064;Ignition;0
2015-03-13 15:00:10;14100064;Ignition;0
2015-03-13 14:54:51;15030000;Ignition;0
2015-03-13 14:54:51;15030000;PowerStatus;0
2015-03-13 14:55:06;15030000;Ignition;0
2015-03-13 15:02:10;14100064;Ignition;0
2015-03-13 16:03:59;15030001;Ignition;1
2015-03-13 16:03:59;15030001;PowerStatus;0
2015-03-13 15:59:59;15030000;Ignition;1
2015-03-13 15:59:59;15030000;PowerStatus;0
2015-03-13 16:04:21;15030001;Ignition;1
2015-03-13 16:21:09;15030001;Ignition;1
2015-03-13 16:40:39;15030000;Ignition;0
2015-03-13 16:44:46;15030001;Ignition;0
2015-03-13 16:57:47;14100064;Ignition;1
2015-03-13 17:24:39;14100064;Ignition;0
2015-03-13 17:52:01;14100064;Ignition;1
2015-03-13 17:53:38;14100064;Ignition;0
2015-03-13 17:53:55;14100064;Ignition;1
2015-03-13 18:03:44;14100064;Ignition;0
2015-03-13 18:12:45;14100071;Ignition;1
2015-03-13 18:17:51;14100071;Ignition;1
2015-03-13 18:36:27;14100064;Ignition;1
2015-03-13 18:43:51;14100064;Ignition;0
2015-03-13 18:49:29;14100071;Ignition;0
2015-03-13 18:50:13;14100064;Ignition;1
2015-03-13 19:05:31;14100064;Ignition;0
2015-03-13 19:25:17;14100064;Ignition;1
2015-03-13 20:01:50;14100064;Ignition;0
2015-03-13 23:42:21;999;Ignition;1
2015-03-13 23:44:45;999;Ignition;1
2015-03-13 23:49:39;999;Ignition;0
2015-03-13 23:49:43;999;Ignition;1
2015-03-14 00:05:27;999;Ignition;1
2015-03-14 00:12:32;999;Ignition;1
2015-03-14 00:32:07;999;Ignition;0
2015-03-14 09:14:16;14100064;Ignition;1
2015-03-14 09:29:18;14100064;Ignition;0
2015-03-14 11:29:07;14100064;Ignition;1
2015-03-14 11:31:07;14120029;Ignition;1
2015-03-14 11:31:07;14120029;PowerStatus;0
2015-03-14 11:44:29;14100064;Ignition;0
2015-03-14 11:51:00;14100064;Ignition;1
2015-03-14 11:55:47;14100064;Ignition;0
2015-03-14 11:59:57;14100064;Ignition;1
2015-03-14 12:04:31;14100064;Ignition;0
2015-03-14 12:16:22;15030001;Ignition;0
2015-03-14 12:16:22;15030001;PowerStatus;0
2015-03-14 12:12:15;15030000;Ignition;0
2015-03-14 12:12:15;15030000;PowerStatus;0
2015-03-14 13:03:57;14100064;Ignition;1
2015-03-14 13:07:07;14120029;Ignition;1
2015-03-14 13:20:07;14100064;Ignition;0
2015-03-14 13:23:17;14100064;Ignition;1
2015-03-14 13:34:06;14100064;Ignition;0
2015-03-14 13:38:20;14120029;Ignition;0
2015-03-14 13:48:47;14100064;Ignition;1
2015-03-14 13:53:14;14100064;Ignition;0
2015-03-14 13:56:12;14100064;Ignition;1
2015-03-14 13:59:51;14100064;Ignition;1
2015-03-14 14:01:43;14100064;Ignition;0
2015-03-14 14:05:28;14120029;Ignition;1
2015-03-14 14:09:38;14100064;Ignition;1
2015-03-14 14:11:37;14100064;Ignition;0
2015-03-14 14:17:03;14100064;Ignition;1
2015-03-14 14:16:16;14120029;Ignition;1
2015-03-14 14:18:36;14100064;Ignition;0
2015-03-14 14:23:16;14120029;Ignition;1
2015-03-14 14:28:45;14120029;Ignition;0
2015-03-14 14:35:51;14100064;Ignition;1
2015-03-14 14:45:40;14100064;Ignition;0
2015-03-14 14:47:05;14100064;Ignition;0
2015-03-14 14:50:57;14100064;Ignition;1
2015-03-14 14:52:36;14100064;Ignition;0
2015-03-14 14:54:34;14100064;Ignition;0
2015-03-14 15:04:23;14100064;Ignition;1
2015-03-14 15:07:53;14100064;Ignition;1
2015-03-14 15:08:15;14100064;Ignition;0
2015-03-14 15:11:49;14100064;Ignition;0
2015-03-14 15:15:05;14100064;Ignition;1
2015-03-14 15:21:28;14100064;Ignition;0
2015-03-14 15:21:49;14100064;Ignition;0
2015-03-14 15:24:14;14120029;Ignition;1
2015-03-14 15:28:31;14120029;Ignition;0
2015-03-14 15:31:29;14100064;Ignition;0
2015-03-14 15:49:26;15030001;Ignition;1
2015-03-14 15:45:18;15030000;Ignition;1
2015-03-14 15:45:18;15030000;PowerStatus;0
2015-03-14 15:49:26;15030001;PowerStatus;0
2015-03-14 15:51:11;14100071;Ignition;1
2015-03-14 15:45:35;15030000;Ignition;0
2015-03-14 15:49:42;15030001;Ignition;0
2015-03-14 15:51:53;14120029;Ignition;1
2015-03-14 15:55:54;14100064;Ignition;1
2015-03-14 15:56:13;14100071;Ignition;0
2015-03-14 15:56:23;14120029;Ignition;0
2015-03-14 16:06:12;14100064;Ignition;0
2015-03-14 16:06:13;14100064;Ignition;1
2015-03-14 16:19:22;14100064;Ignition;0
2015-03-14 16:28:08;14100064;Ignition;1
2015-03-14 16:33:54;14100064;Ignition;0
2015-03-14 16:52:00;14100064;Ignition;1
2015-03-14 16:56:53;14100064;Ignition;0
2015-03-14 16:57:55;14100064;Ignition;1
2015-03-14 16:58:06;14100064;Ignition;0
2015-03-14 19:46:07;14100071;Ignition;1
2015-03-14 19:51:19;14100071;Ignition;0
2015-03-15 08:43:07;15030001;Ignition;1
2015-03-15 08:43:07;15030001;PowerStatus;0
2015-03-15 08:39:15;15030000;Ignition;1
2015-03-15 08:39:15;15030000;PowerStatus;0
2015-03-15 08:52:29;15030001;Ignition;1
2015-03-15 08:48:55;15030000;Ignition;1
2015-03-15 08:53:20;15030001;Ignition;1
2015-03-15 08:56:06;15030001;Ignition;1
2015-03-15 08:56:45;15030001;Ignition;1
2015-03-15 09:13:24;15030001;Ignition;1
2015-03-15 09:29:24;15030001;Ignition;0
2015-03-15 10:00:21;15030001;Ignition;1
2015-03-15 09:56:55;15030000;Ignition;1
2015-03-15 11:20:17;14100064;Ignition;1
2015-03-15 11:31:44;14100064;Ignition;0
2015-03-15 13:01:05;14100064;Ignition;1
2015-03-15 13:12:36;14100064;Ignition;0
2015-03-15 16:39:02;14100071;Ignition;1
2015-03-15 16:45:33;14100071;Ignition;0
2015-03-15 17:08:00;14100071;Ignition;1
2015-03-15 17:12:32;14100071;Ignition;0
2015-03-15 17:54:49;15030000;Ignition;1
2015-03-15 17:54:49;15030000;PowerStatus;0
2015-03-15 17:58:59;15030001;Ignition;1
2015-03-15 17:58:59;15030001;PowerStatus;0
2015-03-15 17:59:10;15030001;Ignition;1
2015-03-15 18:18:08;15030001;Ignition;0
2015-03-15 18:14:00;15030000;Ignition;0
2015-03-15 19:13:51;14100064;Ignition;1
2015-03-15 19:16:43;14100064;Ignition;0
2015-03-15 21:06:21;15030001;Ignition;1
2015-03-15 21:02:15;15030000;Ignition;1
2015-03-15 21:06:21;15030001;PowerStatus;0
2015-03-15 21:02:15;15030000;PowerStatus;0
2015-03-15 21:23:00;15030001;Ignition;0
2015-03-15 21:18:53;15030000;Ignition;0
2015-03-15 21:39:34;14100064;Ignition;1
2015-03-15 21:43:05;14100064;Ignition;0
2015-03-16 06:00:46;15030000;Ignition;1
2015-03-16 06:04:53;15030001;Ignition;1
2015-03-16 06:00:46;15030000;PowerStatus;0
2015-03-16 06:04:54;15030001;PowerStatus;0
2015-03-16 06:00:59;15030000;Ignition;1
2015-03-16 06:06:20;15030000;Ignition;0
2015-03-16 06:10:27;15030001;Ignition;0
2015-03-16 06:47:16;15030000;Ignition;1
2015-03-16 06:47:16;15030000;PowerStatus;0
2015-03-16 06:51:34;15030001;Ignition;1
2015-03-16 06:51:34;15030001;PowerStatus;0
2015-03-16 07:14:56;14100071;Ignition;1
2015-03-16 07:18:02;14100071;Ignition;0
2015-03-16 07:15:02;15030000;Ignition;1
2015-03-16 07:28:38;14100071;Ignition;1
2015-03-16 07:29:13;15030001;Ignition;0
2015-03-16 07:25:06;15030000;Ignition;0
2015-03-16 07:32:59;15030000;Ignition;0
2015-03-16 07:32:59;15030000;PowerStatus;0
2015-03-16 08:21:55;15030000;Ignition;0
2015-03-16 08:21:55;15030000;PowerStatus;0
2015-03-16 08:28:49;14100064;Ignition;1
2015-03-16 08:33:24;14100071;Ignition;1
2015-03-16 08:38:44;14100071;Ignition;0
2015-03-16 08:52:06;15030000;Ignition;0
2015-03-16 08:52:06;15030000;PowerStatus;0
2015-03-16 09:01:15;14100064;Ignition;0
2015-03-16 09:26:42;14120029;Ignition;1
2015-03-16 09:26:42;14120029;PowerStatus;0
2015-03-16 09:26:49;14120029;Ignition;0
2015-03-16 09:36:27;15030000;Ignition;0
2015-03-16 09:36:27;15030000;PowerStatus;0
2015-03-16 09:49:49;15030000;Ignition;0
2015-03-16 09:51:49;15030000;Ignition;0
2015-03-16 09:56:43;14120029;Ignition;1
2015-03-16 09:56:40;15030000;Ignition;0
2015-03-16 09:58:46;15030000;Ignition;0
2015-03-16 09:59:49;15030000;Ignition;0
2015-03-16 10:05:53;14120029;Ignition;1
2015-03-16 10:10:15;15030000;Ignition;0
2015-03-16 10:10:15;15030000;PowerStatus;0
2015-03-16 10:12:55;15030000;Ignition;0
2015-03-16 10:21:02;15030000;Ignition;0
2015-03-16 10:27:22;15030000;Ignition;1
2015-03-16 10:27:52;15030000;Ignition;0
2015-03-16 10:41:00;999;Ignition;1
2015-03-16 10:44:23;999;Ignition;1
2015-03-16 10:56:33;14120029;Ignition;1
2015-03-16 11:16:17;14120029;Ignition;0
2015-03-16 11:54:19;999;Ignition;0
2015-03-16 11:54:22;999;Ignition;1
2015-03-16 11:54:24;999;Ignition;0
2015-03-16 12:00:12;999;Ignition;1
2015-03-16 12:01:07;999;Ignition;0
2015-03-16 12:04:22;999;Ignition;1
2015-03-16 12:30:19;14120029;Ignition;1
2015-03-16 12:34:10;14120029;Ignition;1
2015-03-16 12:34:44;14120029;Ignition;1
2015-03-16 12:36:08;14120029;Ignition;1
2015-03-16 12:41:48;999;Ignition;0
2015-03-16 12:44:30;999;Ignition;1
2015-03-16 12:44:35;999;Ignition;0
2015-03-16 12:44:36;999;Ignition;1
2015-03-16 12:47:57;14120029;Ignition;0
2015-03-16 12:50:53;999;Ignition;0
2015-03-16 13:00:09;999;Ignition;1
2015-03-16 13:17:59;14120029;Ignition;0
2015-03-16 13:29:31;14120029;Ignition;0
2015-03-16 13:31:02;14120029;Ignition;0
2015-03-16 13:34:48;999;Ignition;0
2015-03-16 13:35:53;14100042;Ignition;1
2015-03-16 13:43:29;14100042;Ignition;1
2015-03-16 13:43:32;999;Ignition;1
2015-03-16 13:54:07;14120029;Ignition;0
2015-03-16 13:55:53;14120029;Ignition;0
2015-03-16 14:02:27;14100042;Ignition;0
2015-03-16 14:03:38;999;Ignition;0
2015-03-16 14:07:07;14120029;Ignition;0
2015-03-16 14:08:55;14120029;Ignition;0
2015-03-16 14:12:33;999;Ignition;1
2015-03-16 14:19:03;999;Ignition;0
2015-03-16 14:15:51;15030000;Ignition;0
2015-03-16 14:15:51;15030000;PowerStatus;0
2015-03-16 14:22:05;14120029;Ignition;0
2015-03-16 14:26:47;999;Ignition;1
2015-03-16 14:37:38;14120029;Ignition;0
2015-03-16 14:38:59;15030000;Ignition;0
2015-03-16 14:39:00;15030000;PowerStatus;0
2015-03-16 14:40:09;15030000;Ignition;0
2015-03-16 14:56:06;15030000;Ignition;1
2015-03-16 14:56:06;15030000;PowerStatus;0
2015-03-16 15:00:20;15030001;Ignition;1
2015-03-16 15:00:20;15030001;PowerStatus;0
2015-03-16 15:02:14;14100042;Ignition;1
2015-03-16 15:04:10;14100042;Ignition;0
2015-03-16 15:09:24;14100042;Ignition;1
2015-03-16 15:08:55;14120029;Ignition;0
2015-03-16 15:11:25;14120029;Ignition;0
2015-03-16 15:12:43;14100042;Ignition;0
2015-03-16 15:27:48;999;Ignition;1
2015-03-16 15:28:02;999;Ignition;1
2015-03-16 16:34:39;14120032;Ignition;0
2015-03-16 16:34:39;14120032;PowerStatus;0
2015-03-16 15:36:53;15030001;Ignition;1
2015-03-16 15:33:08;15030000;Ignition;1
2015-03-16 15:37:27;14120029;Ignition;1
2015-03-16 16:37:46;14120032;Ignition;0
2015-03-16 15:37:48;14120029;Ignition;1
2015-03-16 15:38:47;15030001;Ignition;1
2015-03-16 15:35:33;15030000;Ignition;1
2015-03-16 15:39:46;15030001;Ignition;1
2015-03-16 15:35:47;15030000;Ignition;1
2015-03-16 15:39:45;14120029;Ignition;1
2015-03-16 16:40:01;14120032;Ignition;0
2015-03-16 15:40:19;15030001;Ignition;1
2015-03-16 15:36:12;15030000;Ignition;1
2015-03-16 15:40:39;15030001;Ignition;1
2015-03-16 15:40:56;15030001;Ignition;1
2015-03-16 15:36:49;15030000;Ignition;1
2015-03-16 16:40:48;14120032;Ignition;0
2015-03-16 15:37:04;15030000;Ignition;1
2015-03-16 16:41:31;14120032;Ignition;0
2015-03-16 16:42:02;14120032;Ignition;0
2015-03-16 16:43:16;14120032;Ignition;0
2015-03-16 16:43:46;14120032;Ignition;0
2015-03-16 16:45:23;14120032;Ignition;0
2015-03-16 16:46:08;14120032;Ignition;0
2015-03-16 15:46:54;14120029;Ignition;0
2015-03-16 16:48:53;14120032;Ignition;0
2015-03-16 16:49:32;14120032;Ignition;0
2015-03-16 16:50:46;14120032;Ignition;0
2015-03-16 16:51:08;14120032;Ignition;0
2015-03-16 17:00:20;14120032;Ignition;0
2015-03-16 16:05:59;15030001;Ignition;1
2015-03-16 16:02:22;15030000;Ignition;1
2015-03-16 16:02:22;15030000;PowerStatus;0
2015-03-16 17:09:00;14120032;Ignition;0
2015-03-16 17:09:00;14120032;PowerStatus;0
2015-03-16 16:06:48;15030000;Ignition;1
2015-03-16 16:06:48;15030000;PowerStatus;0
2015-03-16 16:12:04;14100015;Ignition;0
2015-03-16 16:15:35;14100015;Ignition;1
2015-03-16 16:10:45;15030000;Ignition;1
2015-03-16 16:10:45;15030000;PowerStatus;0
2015-03-16 16:11:08;15030000;Ignition;1
2015-03-16 16:11:12;15030000;Ignition;0
2015-03-16 16:15:20;15030001;Ignition;0
2015-03-16 16:11:49;15030000;Ignition;0
2015-03-16 16:11:50;15030000;PowerStatus;0
2015-03-16 16:16:31;15030001;Ignition;0
2015-03-16 16:19:45;999;Ignition;0
2015-03-16 16:25:44;15030001;Ignition;1
2015-03-16 16:21:37;15030000;Ignition;1
2015-03-16 16:27:55;14100015;Ignition;0
2015-03-16 16:29:30;15030001;Ignition;0
2015-03-16 16:25:23;15030000;Ignition;0
2015-03-16 16:31:16;14100064;Ignition;1
2015-03-16 16:52:26;14100015;Ignition;1
2015-03-16 16:56:01;14100015;Ignition;0
2015-03-16 16:53:01;15030000;Ignition;0
2015-03-16 16:53:02;15030000;PowerStatus;0
2015-03-16 17:18:31;14100064;Ignition;0
2015-03-16 17:25:49;14120029;Ignition;1
2015-03-16 17:29:31;14100071;Ignition;1
2015-03-16 17:32:23;14120029;Ignition;1
2015-03-16 17:49:19;14100071;Ignition;0
2015-03-16 17:53:08;14100071;Ignition;1
2015-03-16 18:01:46;14100064;Ignition;1
2015-03-16 18:07:02;14100015;Ignition;1
2015-03-16 18:06:29;14120029;Ignition;1
2015-03-16 18:09:29;14100015;Ignition;0
2015-03-16 18:13:05;14100064;Ignition;0
2015-03-16 18:15:17;14100071;Ignition;0
2015-03-16 18:46:24;14120029;Ignition;1
2015-03-16 18:52:57;14120029;Ignition;0
2015-03-16 18:56:44;14100064;Ignition;1
2015-03-16 18:57:05;14100064;Ignition;1
2015-03-16 18:58:07;14100064;Ignition;0
2015-03-16 19:00:44;14100064;Ignition;0
2015-03-16 19:03:27;14100015;Ignition;1
2015-03-16 19:11:51;14100015;Ignition;0
2015-03-16 20:08:04;14100064;Ignition;1
2015-03-16 20:09:24;14100064;Ignition;0
2015-03-16 21:23:59;14100015;Ignition;1
2015-03-16 21:31:26;14100015;Ignition;0
2015-03-17 05:52:17;15030000;Ignition;1
2015-03-17 05:52:17;15030000;PowerStatus;0
2015-03-17 05:56:28;15030001;Ignition;1
2015-03-17 05:56:28;15030001;PowerStatus;0
2015-03-17 06:09:32;14100064;Ignition;1
2015-03-17 06:15:09;14100064;Ignition;0
2015-03-17 06:17:36;14100064;Ignition;1
2015-03-17 06:24:24;15030001;Ignition;1
2015-03-17 06:25:12;15030000;Ignition;1
2015-03-17 06:25:12;15030000;PowerStatus;0
2015-03-17 06:27:03;15030000;Ignition;1
2015-03-17 06:27:03;15030000;PowerStatus;0
2015-03-17 06:30:33;15030000;Ignition;0
2015-03-17 06:34:41;15030001;Ignition;0
2015-03-17 06:36:53;14100042;Ignition;1
2015-03-17 06:46:26;15030000;Ignition;0
2015-03-17 06:46:26;15030000;PowerStatus;0
2015-03-17 06:54:38;14100042;Ignition;0
2015-03-17 06:54:43;15030000;Ignition;0
2015-03-17 06:56:14;15030000;Ignition;0
2015-03-17 07:01:02;14100042;Ignition;1
2015-03-17 06:56:43;15030000;Ignition;0
2015-03-17 07:13:30;14100071;Ignition;1
2015-03-17 07:16:28;14100071;Ignition;0
2015-03-17 07:29:15;14100071;Ignition;1
2015-03-17 07:30:13;14120026;Ignition;0
2015-03-17 07:32:48;14120026;Ignition;0
2015-03-17 07:33:01;14120026;Ignition;0
2015-03-17 07:29:01;15030000;Ignition;0
2015-03-17 07:29:01;15030000;PowerStatus;0
2015-03-17 07:34:35;14100042;Ignition;0
2015-03-17 07:30:01;15030000;Ignition;0
2015-03-17 07:30:01;15030000;PowerStatus;0
2015-03-17 07:30:38;15030000;Ignition;0
2015-03-17 07:30:39;15030000;PowerStatus;0
2015-03-17 07:35:30;14120026;Ignition;0
2015-03-17 07:31:49;15030000;Ignition;0
2015-03-17 07:31:49;15030000;PowerStatus;0
2015-03-17 07:43:18;14100015;Ignition;1
2015-03-17 07:43:37;14120029;Ignition;1
2015-03-17 07:43:37;14120029;PowerStatus;0
2015-03-17 07:50:01;14120029;Ignition;1
2015-03-17 07:54:17;14120029;Ignition;1
2015-03-17 07:58:14;14120026;Ignition;1
2015-03-17 07:58:54;14120026;Ignition;0
2015-03-17 07:58:55;14120026;Ignition;1
2015-03-17 08:01:08;14120029;Ignition;1
2015-03-17 08:18:25;14100071;Ignition;0
2015-03-17 08:17:53;15030000;Ignition;0
2015-03-17 08:17:53;15030000;PowerStatus;0
2015-03-17 08:25:55;14120029;Ignition;1
2015-03-17 08:26:40;14120029;Ignition;1
2015-03-17 08:36:10;14120026;Ignition;1
2015-03-17 08:48:14;14100015;Ignition;1
2015-03-17 08:49:48;14120029;Ignition;0
2015-03-17 08:52:33;14120026;Ignition;1
2015-03-17 08:54:07;14120029;Ignition;1
2015-03-17 08:57:54;14100064;Ignition;0
2015-03-17 08:58:25;14120029;Ignition;1
2015-03-17 09:00:19;14120029;Ignition;0
2015-03-17 08:57:43;15030000;Ignition;0
2015-03-17 08:57:44;15030000;PowerStatus;0
2015-03-17 09:01:06;15030000;Ignition;0
2015-03-17 09:01:06;15030000;PowerStatus;0
2015-03-17 09:01:54;15030000;Ignition;0
2015-03-17 09:01:55;15030000;PowerStatus;0
2015-03-17 09:02:46;15030000;Ignition;0
2015-03-17 09:02:46;15030000;PowerStatus;0
2015-03-17 09:21:37;14100015;Ignition;0
2015-03-17 09:24:07;14120026;Ignition;1
2015-03-17 09:28:15;15030000;Ignition;0
2015-03-17 09:28:15;15030000;PowerStatus;0
2015-03-17 09:36:55;15030000;Ignition;0
2015-03-17 09:37:00;15030000;PowerStatus;0
2015-03-17 10:06:44;14120026;Ignition;1
2015-03-17 10:06:59;14120026;Ignition;1
2015-03-17 10:07:27;14120026;Ignition;1
2015-03-17 10:18:16;15030000;Ignition;0
2015-03-17 10:18:16;15030000;PowerStatus;0
2015-03-17 10:25:39;14120026;Ignition;1
2015-03-17 10:28:26;14120029;Ignition;1
2015-03-17 10:33:16;14120026;Ignition;1
2015-03-17 10:34:01;14120029;Ignition;0
2015-03-17 10:47:54;14120029;Ignition;1
2015-03-17 10:50:34;14120026;Ignition;1
2015-03-17 10:52:41;14120026;Ignition;1
2015-03-17 11:02:59;14120026;Ignition;0
2015-03-17 11:13:27;14120026;Ignition;1
2015-03-17 11:24:19;14120026;Ignition;1
2015-03-17 11:26:43;14120026;Ignition;1
2015-03-17 11:27:23;14120029;Ignition;0
2015-03-17 11:41:07;14120026;Ignition;0
2015-03-17 11:43:35;14120026;Ignition;1
2015-03-17 11:43:37;14120026;Ignition;0
2015-03-17 11:43:38;14120026;Ignition;1
2015-03-17 11:44:08;14120026;Ignition;0
2015-03-17 11:47:52;14120026;Ignition;1
2015-03-17 11:48:42;14120029;Ignition;1
2015-03-17 12:01:36;14120026;Ignition;0
2015-03-17 12:01:39;14120029;Ignition;1
2015-03-17 12:08:23;14120029;Ignition;1
2015-03-17 12:10:16;14120026;Ignition;1
2015-03-17 12:28:54;14100015;Ignition;1
2015-03-17 12:29:15;14120029;Ignition;0
2015-03-17 12:31:12;14120029;Ignition;0
2015-03-17 12:32:49;14120026;Ignition;0
2015-03-17 12:33:55;14120029;Ignition;0
2015-03-17 12:35:50;14120029;Ignition;0
2015-03-17 12:36:24;14120029;Ignition;0
2015-03-17 12:37:55;14120029;Ignition;0
2015-03-17 12:38:48;14120029;Ignition;0
2015-03-17 12:42:10;14120029;Ignition;0
2015-03-17 12:43:51;14120026;Ignition;1
2015-03-17 12:42:57;14120029;Ignition;0
2015-03-17 12:43:42;14120029;Ignition;0
2015-03-17 12:46:06;14120029;Ignition;0
2015-03-17 12:53:29;14100015;Ignition;1
2015-03-17 12:52:17;14120029;Ignition;0
2015-03-17 12:54:01;14120029;Ignition;0
2015-03-17 12:55:56;14120029;Ignition;0
2015-03-17 12:58:54;14120029;Ignition;0
2015-03-17 13:00:31;14120026;Ignition;1
2015-03-17 13:00:13;14120029;Ignition;0
2015-03-17 13:01:43;14100015;Ignition;1
2015-03-17 13:01:00;14120029;Ignition;0
2015-03-17 13:03:13;14120026;Ignition;1
2015-03-17 13:02:38;14120029;Ignition;0
2015-03-17 13:07:12;14120026;Ignition;1
2015-03-17 13:11:11;14120026;Ignition;0
2015-03-17 13:15:11;14120026;Ignition;1
2015-03-17 14:19:43;14120032;Ignition;0
2015-03-17 14:19:48;14120032;PowerStatus;0
2015-03-17 13:24:03;14120029;Ignition;0
2015-03-17 13:24:20;14120029;Ignition;1
2015-03-17 13:21:03;15030000;Ignition;0
2015-03-17 13:21:03;15030000;PowerStatus;0
2015-03-17 13:28:33;14120029;Ignition;0
2015-03-17 13:24:58;15030000;Ignition;0
2015-03-17 13:30:28;14120029;Ignition;1
2015-03-17 13:34:17;14100015;Ignition;1
2015-03-17 13:29:15;15030000;Ignition;0
2015-03-17 13:29:15;15030000;PowerStatus;0
2015-03-17 13:36:16;14120026;Ignition;1
2015-03-17 13:35:39;14120029;Ignition;0
2015-03-17 13:32:34;15030000;Ignition;0
2015-03-17 13:32:34;15030000;PowerStatus;0
2015-03-17 13:42:11;14120029;Ignition;0
2015-03-17 14:03:17;14100015;Ignition;0
2015-03-17 14:19:26;15030001;Ignition;1
2015-03-17 14:19:27;15030001;PowerStatus;0
2015-03-17 14:15:19;15030000;Ignition;1
2015-03-17 14:15:19;15030000;PowerStatus;0
2015-03-17 14:15:32;15030000;Ignition;1
2015-03-17 14:20:58;14120029;Ignition;0
2015-03-17 14:27:30;14120026;Ignition;1
2015-03-17 14:27:23;14120029;Ignition;0
2015-03-17 14:28:28;14120029;Ignition;0
2015-03-17 14:33:32;15030000;Ignition;1
2015-03-17 14:43:13;14100064;Ignition;1
2015-03-17 14:45:59;14120029;Ignition;0
2015-03-17 14:56:31;14120026;Ignition;0
2015-03-17 14:52:35;15030000;Ignition;1
2015-03-17 14:56:52;15030001;Ignition;1
2015-03-17 14:58:58;15030001;Ignition;1
2015-03-17 14:59:27;15030001;Ignition;1
2015-03-17 14:56:18;15030000;Ignition;1
2015-03-17 15:00:30;15030001;Ignition;1
2015-03-17 15:01:33;14120026;Ignition;1
2015-03-17 14:59:03;15030000;Ignition;1
2015-03-17 15:00:47;15030000;Ignition;1
2015-03-17 15:08:04;14100064;Ignition;1
2015-03-17 15:03:27;15030000;Ignition;1
2015-03-17 15:05:17;15030000;Ignition;1
2015-03-17 15:10:37;14120026;Ignition;1
2015-03-17 15:11:17;15030000;Ignition;1
2015-03-17 15:21:00;14100064;Ignition;1
2015-03-17 15:19:46;15030001;Ignition;1
2015-03-17 15:15:45;15030000;Ignition;1
2015-03-17 15:22:18;14100064;Ignition;0
2015-03-17 15:18:26;15030000;Ignition;1
2015-03-17 15:24:44;14100064;Ignition;0
2015-03-17 15:26:16;14100064;Ignition;0
2015-03-17 15:26:38;14100064;Ignition;1
2015-03-17 15:28:00;14100064;Ignition;1
2015-03-17 15:28:15;14100064;Ignition;1
2015-03-17 15:22:45;15030000;Ignition;1
2015-03-17 15:27:21;15030000;Ignition;0
2015-03-17 15:31:30;15030001;Ignition;0
2015-03-17 15:34:15;14120026;Ignition;1
2015-03-17 15:38:25;14120029;Ignition;0
2015-03-17 15:41:02;14120026;Ignition;1
2015-03-17 15:54:09;14120026;Ignition;0
2015-03-17 15:57:21;14120026;Ignition;1
2015-03-17 15:57:43;14120026;Ignition;0
2015-03-17 16:04:42;14100042;Ignition;1
2015-03-17 16:04:01;14120029;Ignition;0
2015-03-17 16:11:25;14100071;Ignition;1
2015-03-17 16:11:54;14100071;Ignition;1
2015-03-17 16:14:58;14100015;Ignition;1
2015-03-17 16:19:22;14100015;Ignition;0
2015-03-17 16:24:13;14100042;Ignition;1
2015-03-17 16:30:54;14100042;Ignition;0
2015-03-17 16:38:12;14100071;Ignition;0
2015-03-17 16:48:18;14100042;Ignition;1
2015-03-17 16:51:38;14100042;Ignition;0
2015-03-17 16:55:07;14100042;Ignition;0
2015-03-17 17:00:14;14100064;Ignition;1
2015-03-17 17:01:50;14100042;Ignition;0
2015-03-17 17:21:25;14100071;Ignition;1
2015-03-17 17:27:17;14100071;Ignition;0
2015-03-17 17:31:34;14100064;Ignition;0
2015-03-17 17:31:45;14100071;Ignition;1
2015-03-17 17:47:10;14100071;Ignition;0
2015-03-17 18:14:34;14100064;Ignition;1
2015-03-17 18:17:40;14100064;Ignition;0
2015-03-17 18:18:53;14100064;Ignition;1
2015-03-17 18:19:49;14100064;Ignition;0
2015-03-17 18:21:37;14100064;Ignition;1
2015-03-17 18:22:33;14100064;Ignition;0
2015-03-17 19:08:29;14100071;Ignition;1
2015-03-17 19:08:57;14100071;Ignition;1
2015-03-17 19:41:59;14100064;Ignition;1
2015-03-17 19:45:24;14100064;Ignition;0
2015-03-17 19:52:52;14100071;Ignition;0
2015-03-17 20:25:44;14100064;Ignition;1
2015-03-17 20:29:59;14100015;Ignition;1
2015-03-17 20:34:34;14100064;Ignition;0
2015-03-17 20:38:21;14100015;Ignition;0
2015-03-18 05:48:38;15030000;Ignition;1
2015-03-18 05:52:47;15030001;Ignition;1
2015-03-18 05:48:39;15030000;PowerStatus;0
2015-03-18 05:52:47;15030001;PowerStatus;0
2015-03-18 05:48:53;15030000;Ignition;1
2015-03-18 05:55:34;15030000;Ignition;0
2015-03-18 05:59:42;15030001;Ignition;0
2015-03-18 06:04:43;15030001;Ignition;1
2015-03-18 06:00:34;15030000;Ignition;1
2015-03-18 06:34:16;15030000;Ignition;0
2015-03-18 06:38:25;15030001;Ignition;0
2015-03-18 07:29:24;14100042;Ignition;1
2015-03-18 07:38:33;14100015;Ignition;1
2015-03-18 07:41:16;14100042;Ignition;1
2015-03-18 07:43:35;14100042;Ignition;0
2015-03-18 07:47:21;999;Ignition;1
2015-03-18 07:50:17;14100042;Ignition;1
2015-03-18 07:50:37;999;Ignition;1
2015-03-18 08:04:17;14100071;Ignition;1
2015-03-18 08:06:32;14120029;Ignition;1
2015-03-18 08:06:32;14120029;PowerStatus;0
2015-03-18 08:10:17;14120029;Ignition;1
2015-03-18 08:11:48;14120029;Ignition;0
2015-03-18 08:23:05;14120029;Ignition;1
2015-03-18 08:25:17;999;Ignition;0
2015-03-18 08:28:44;999;Ignition;0
2015-03-18 08:30:01;14120029;Ignition;1
2015-03-18 08:32:31;14100064;Ignition;1
2015-03-18 08:31:05;14120029;Ignition;0
2015-03-18 08:36:20;999;Ignition;1
2015-03-18 08:37:14;999;Ignition;0
2015-03-18 08:42:44;999;Ignition;1
2015-03-18 08:47:30;14100015;Ignition;0
2015-03-18 08:50:06;14100071;Ignition;0
2015-03-18 09:04:25;14100064;Ignition;0
2015-03-18 09:06:24;14100042;Ignition;0
2015-03-18 09:10:16;999;Ignition;0
2015-03-18 09:19:16;999;Ignition;1
2015-03-18 09:22:51;14100015;Ignition;1
2015-03-18 09:25:46;14120029;Ignition;0
2015-03-18 09:32:44;14120029;Ignition;0
2015-03-18 09:54:29;999;Ignition;0
2015-03-18 10:00:55;999;Ignition;1
2015-03-18 10:05:24;14100015;Ignition;0
2015-03-18 10:05:28;999;Ignition;1
2015-03-18 10:12:05;14120029;Ignition;0
2015-03-18 10:13:58;14120029;Ignition;0
2015-03-18 10:15:09;14120029;Ignition;0
2015-03-18 10:16:30;14120029;Ignition;0
2015-03-18 10:19:00;999;Ignition;0
2015-03-18 10:33:57;999;Ignition;1
2015-03-18 10:37:29;14120026;Ignition;1
2015-03-18 10:44:32;14120026;Ignition;1
2015-03-18 11:04:46;14120026;Ignition;0
2015-03-18 11:08:03;14120029;Ignition;0
2015-03-18 11:13:57;14120026;Ignition;1
2015-03-18 11:32:13;14120026;Ignition;1
2015-03-18 11:39:19;14120026;Ignition;1
2015-03-18 12:13:33;14120026;Ignition;0
2015-03-18 12:28:12;14120026;Ignition;1
2015-03-18 12:32:28;14120026;Ignition;0
2015-03-18 12:32:29;14120026;Ignition;1
2015-03-18 12:42:14;14100015;Ignition;1
2015-03-18 13:12:58;14120026;Ignition;1
2015-03-18 13:15:26;14120026;Ignition;1
2015-03-18 13:16:06;14120026;Ignition;1
2015-03-18 13:23:16;14120026;Ignition;0
2015-03-18 13:24:32;14120026;Ignition;0
2015-03-18 14:04:41;14120026;Ignition;1
2015-03-18 14:09:56;14120026;Ignition;1
2015-03-18 14:11:58;14100071;Ignition;1
2015-03-18 14:11:24;14120026;Ignition;1
2015-03-18 14:11:37;14120026;Ignition;1
2015-03-18 14:36:26;14120026;Ignition;0
2015-03-18 14:38:12;14100071;Ignition;1
2015-03-18 14:41:10;14120026;Ignition;1
2015-03-18 14:41:11;14120026;Ignition;0
2015-03-18 14:41:13;14120026;Ignition;1
2015-03-18 14:47:02;15030000;Ignition;0
2015-03-18 14:47:02;15030000;PowerStatus;0
2015-03-18 15:01:19;14120026;Ignition;0
2015-03-18 15:10:29;14100071;Ignition;0
2015-03-18 15:22:26;999;Ignition;1
2015-03-18 15:26:10;14100042;Ignition;1
2015-03-18 15:30:34;15030000;Ignition;1
2015-03-18 15:30:34;15030000;PowerStatus;0
2015-03-18 15:34:44;15030001;Ignition;1
2015-03-18 15:34:45;15030001;PowerStatus;0
2015-03-18 16:13:18;14100064;Ignition;1
2015-03-18 16:14:23;14100064;Ignition;0
2015-03-18 16:16:19;15030001;Ignition;0
2015-03-18 16:12:11;15030000;Ignition;0
2015-03-18 16:25:58;14100042;Ignition;1
2015-03-18 16:56:02;14100042;Ignition;0
2015-03-18 17:03:22;14100071;Ignition;1
2015-03-18 17:17:27;14100071;Ignition;1
2015-03-18 17:29:47;14100071;Ignition;0
2015-03-18 17:51:08;14100064;Ignition;1
2015-03-18 17:53:00;14100064;Ignition;0
2015-03-18 18:16:20;14100064;Ignition;1
2015-03-18 18:19:10;14100064;Ignition;1
2015-03-18 18:19:23;14100064;Ignition;0
2015-03-18 18:19:26;14100064;Ignition;1
2015-03-18 18:20:41;14100064;Ignition;0
2015-03-18 18:20:43;14100064;Ignition;1
2015-03-18 18:19:31;14120029;Ignition;1
2015-03-18 18:19:31;14120029;PowerStatus;0
2015-03-18 18:24:31;14120029;Ignition;0
2015-03-18 18:27:20;14120029;Ignition;1
2015-03-18 18:31:10;14120029;Ignition;0
2015-03-18 18:40:51;14100064;Ignition;0
2015-03-18 20:21:37;14100071;Ignition;1
2015-03-18 20:25:21;14120029;Ignition;1
2015-03-18 20:32:44;14120029;Ignition;0
2015-03-18 20:35:53;14120029;Ignition;0
2015-03-18 20:41:18;14120029;Ignition;0
2015-03-18 20:49:49;14120029;Ignition;0
2015-03-18 21:07:27;14100071;Ignition;0
2015-03-18 21:06:48;14120029;Ignition;0
2015-03-18 21:08:58;14120029;Ignition;0
2015-03-18 21:16:08;14120029;Ignition;0
2015-03-18 21:17:04;14120029;Ignition;0
2015-03-18 21:26:37;14120029;Ignition;0
2015-03-18 21:27:31;14120029;Ignition;0
2015-03-18 21:33:53;14120029;Ignition;0
2015-03-18 21:35:14;14120029;Ignition;0
2015-03-18 21:36:16;14120029;Ignition;0
2015-03-18 21:37:10;14120029;Ignition;0
2015-03-18 21:38:53;14120029;Ignition;0
2015-03-18 21:40:29;14120029;Ignition;0
2015-03-18 21:46:17;14100064;Ignition;1
2015-03-18 21:46:06;14120029;Ignition;0
2015-03-18 21:55:17;14100064;Ignition;0
2015-03-18 21:54:56;14120029;Ignition;0
2015-03-18 21:55:36;14120029;Ignition;0
2015-03-18 21:59:01;14120029;Ignition;0
2015-03-18 22:00:04;14120029;Ignition;0
2015-03-18 22:02:31;14120029;Ignition;0
2015-03-18 22:04:08;14120029;Ignition;0
2015-03-18 22:04:57;14120029;Ignition;0
2015-03-18 22:06:02;14120029;Ignition;0
2015-03-18 22:08:18;14120029;Ignition;0
2015-03-18 22:10:32;14120029;Ignition;0
2015-03-18 22:11:58;14120029;Ignition;0
2015-03-18 22:13:23;14120029;Ignition;0
2015-03-18 22:22:17;14120029;Ignition;0
2015-03-18 22:23:18;14120029;Ignition;0
2015-03-18 22:24:07;14120029;Ignition;0
2015-03-18 22:25:52;14120029;Ignition;0
2015-03-18 22:27:06;14120029;Ignition;0
2015-03-18 22:27:55;14120029;Ignition;0
2015-03-18 22:28:51;14120029;Ignition;0
2015-03-18 22:30:34;14120029;Ignition;0
2015-03-18 22:33:07;14120029;Ignition;0
2015-03-18 22:33:56;14120029;Ignition;0
2015-03-18 22:36:27;14120029;Ignition;0
2015-03-18 22:38:02;14120029;Ignition;0
2015-03-18 22:40:02;14120029;Ignition;0
2015-03-18 22:41:45;14120029;Ignition;0
2015-03-18 22:42:32;14120029;Ignition;0
2015-03-18 22:45:11;14120029;Ignition;0
2015-03-18 22:49:02;14120029;Ignition;0
2015-03-18 22:54:53;14120029;Ignition;0
2015-03-18 22:55:55;14120029;Ignition;0
2015-03-18 22:58:00;14120029;Ignition;0
2015-03-18 23:01:00;14120029;Ignition;0
2015-03-18 23:05:00;14120029;Ignition;0
2015-03-18 23:11:39;14120029;Ignition;0
2015-03-18 23:13:07;14120029;Ignition;0
2015-03-18 23:14:42;14120029;Ignition;0
2015-03-18 23:20:57;14120029;Ignition;0
2015-03-18 23:22:28;14120029;Ignition;0
2015-03-18 23:26:03;14120029;Ignition;0
2015-03-18 23:42:30;14120029;Ignition;0
2015-03-18 23:45:46;14120029;Ignition;0
2015-03-18 23:47:29;14120029;Ignition;0
2015-03-18 23:48:44;14120029;Ignition;0
2015-03-18 23:52:28;14120029;Ignition;0
2015-03-18 23:53:24;14120029;Ignition;0
2015-03-18 23:56:00;14120029;Ignition;0
2015-03-18 23:56:58;14120029;Ignition;0
2015-03-18 23:58:33;14120029;Ignition;0
2015-03-19 00:00:27;14120029;Ignition;0
2015-03-19 00:01:13;14120029;Ignition;0
2015-03-19 00:05:38;14120029;Ignition;0
2015-03-19 00:09:36;14120029;Ignition;0
2015-03-19 00:10:53;14120029;Ignition;0
2015-03-19 00:20:22;14120029;Ignition;0
2015-03-19 00:22:00;14120029;Ignition;0
2015-03-19 00:23:44;14120029;Ignition;0
2015-03-19 05:46:40;15030001;Ignition;1
2015-03-19 05:46:40;15030001;PowerStatus;0
2015-03-19 05:42:33;15030000;Ignition;1
2015-03-19 05:42:34;15030000;PowerStatus;0
2015-03-19 06:25:30;15030000;Ignition;0
2015-03-19 06:29:39;15030001;Ignition;0
2015-03-19 07:16:51;14100071;Ignition;1
2015-03-19 07:20:30;14100071;Ignition;0
2015-03-19 07:24:24;14100042;Ignition;1
2015-03-19 07:28:39;14100071;Ignition;1
2015-03-19 08:09:43;14120026;Ignition;1
2015-03-19 08:19:36;14100071;Ignition;0
2015-03-19 08:30:23;14100042;Ignition;0
2015-03-19 08:33:29;14100064;Ignition;1
2015-03-19 08:49:54;14100042;Ignition;1
2015-03-19 09:04:54;14100064;Ignition;0
2015-03-19 09:22:20;14120026;Ignition;0
2015-03-19 09:27:01;14120026;Ignition;1
2015-03-19 09:40:19;14100042;Ignition;0
2015-03-19 10:00:01;14120026;Ignition;1
2015-03-19 10:00:39;14120026;Ignition;1
2015-03-19 10:16:33;14120026;Ignition;0
2015-03-19 10:25:12;14120026;Ignition;1
2015-03-19 10:41:24;14120026;Ignition;1
2015-03-19 10:45:38;14120026;Ignition;1
2015-03-19 10:46:47;14120026;Ignition;1
2015-03-19 10:54:47;14120026;Ignition;1
2015-03-19 10:59:05;14100071;Ignition;1
2015-03-19 10:58:21;14120026;Ignition;1
2015-03-19 11:00:08;14120026;Ignition;1
2015-03-19 11:13:23;14120026;Ignition;0
2015-03-19 11:20:40;14120026;Ignition;1
2015-03-19 11:24:00;14120029;Ignition;1
2015-03-19 11:24:00;14120029;PowerStatus;0
2015-03-19 11:29:13;14120029;Ignition;0
2015-03-19 11:34:42;14120026;Ignition;1
2015-03-19 11:35:04;14120026;Ignition;1
2015-03-19 11:35:34;14120026;Ignition;1
2015-03-19 11:41:03;14120029;Ignition;1
2015-03-19 11:45:17;14120029;Ignition;1
2015-03-19 11:47:09;14120029;Ignition;0
2015-03-19 11:52:35;14100071;Ignition;0
2015-03-19 12:23:34;14120026;Ignition;1
2015-03-19 12:26:01;14120026;Ignition;1
2015-03-19 12:50:31;14120026;Ignition;0
2015-03-19 12:52:20;14120026;Ignition;0
2015-03-19 12:58:21;14120026;Ignition;1
2015-03-19 12:59:59;14120026;Ignition;0
2015-03-19 13:16:03;14120026;Ignition;1
2015-03-19 13:36:15;14120026;Ignition;0
2015-03-19 13:37:25;14120029;Ignition;0
2015-03-19 13:45:23;14120026;Ignition;1
2015-03-19 13:48:39;14100071;Ignition;1
2015-03-19 13:52:13;14120026;Ignition;0
2015-03-19 13:56:34;14120026;Ignition;1
2015-03-19 13:57:33;14120026;Ignition;0
2015-03-19 13:59:08;14120026;Ignition;1
2015-03-19 14:03:03;14120026;Ignition;1
2015-03-19 14:20:45;14120029;Ignition;0
2015-03-19 14:36:20;14120026;Ignition;1
2015-03-19 14:41:45;14120026;Ignition;1
2015-03-19 14:48:00;14100071;Ignition;0
2015-03-19 15:15:29;14120026;Ignition;1
2015-03-19 15:20:19;15030000;Ignition;1
2015-03-19 15:20:20;15030000;PowerStatus;0
2015-03-19 15:24:39;15030001;Ignition;1
2015-03-19 15:24:39;15030001;PowerStatus;0
2015-03-19 15:25:31;14100042;Ignition;1
2015-03-19 16:05:16;14120026;Ignition;0
2015-03-19 16:05:32;14100042;Ignition;0
2015-03-19 16:05:08;15030001;Ignition;0
2015-03-19 16:01:00;15030000;Ignition;0
2015-03-19 16:11:42;14120026;Ignition;0
2015-03-19 16:42:34;14100064;Ignition;1
2015-03-19 16:43:25;14100064;Ignition;1
2015-03-19 17:07:56;14100042;Ignition;1
2015-03-19 17:11:49;14100064;Ignition;0
2015-03-19 17:47:56;14100071;Ignition;1
2015-03-19 17:52:38;14100071;Ignition;1
2015-03-19 17:53:04;14100042;Ignition;0
2015-03-19 18:16:30;14100064;Ignition;1
2015-03-19 18:27:10;14100064;Ignition;0
2015-03-19 18:32:11;14100071;Ignition;0
2015-03-19 18:46:48;999;Ignition;1
2015-03-19 19:10:12;999;Ignition;1
2015-03-19 19:21:59;999;Ignition;0
2015-03-19 19:24:10;999;Ignition;1
2015-03-19 19:30:59;999;Ignition;0
2015-03-19 21:36:49;14100064;Ignition;1
2015-03-19 22:00:58;14100064;Ignition;0
